window,ablation_pinball_mean,ablation_pinball_std,ablation_ensemble_pinball
20d,0.16419340372085572,0.0016994451626377298,0.1633601039648056
60d,0.18117597550153733,0.006400952842699445,0.17936347424983978
120d,0.21157037913799287,0.014381096730094491,0.20692411065101624
